{
    "status": 0,
    "message": "success",
    "data": {
        "a1_1": 0,
        "a1_2": 0,
        "a1_3": 0,
        "a1_4": 0,
        "a1_5": 0,
        "a1_6": 0,
        "a1_7": 0,
        "a2_1": 0,
        "a2_2": 0,
        "a2_3": 0,
        "a2_4": 0,
        "a2_5": 0,
        "a2_6": 0,
        "a2_7": 0,
        "a3_1": 120,
        "a3_2": 0,
        "a3_3": 0,
        "a3_4": 0,
        "a3_5": 0,
        "a3_6": 0,
        "a3_7": 0,
        "a4_1": 5,
        "a4_2": 0,
        "a4_3": 0,
        "a4_4": 0,
        "a4_5": 0,
        "a4_6": 0,
        "a4_7": 0,
        "a5_1": 76,
        "a5_2": 0,
        "a5_3": 0,
        "a5_4": 0,
        "a5_5": 0,
        "a5_6": 0,
        "a5_7": 0,
        "a6_1": 0,
        "a6_2": 0,
        "a6_3": 0,
        "a6_4": 0,
        "a6_5": 0,
        "a6_6": 0,
        "a6_7": 0,
        "a7_1": 0,
        "a7_2": 0,
        "a7_3": 0,
        "a7_4": 0,
        "a7_5": 0,
        "a7_6": 0,
        "a7_7": 0,
        "a8_1": 0,
        "a8_2": 0,
        "a8_3": 0,
        "a8_4": 0,
        "a8_5": 0,
        "a8_6": 0,
        "a8_7": 0,
        "a9_1": 0,
        "a9_2": 0,
        "a9_3": 0,
        "a9_4": 0,
        "a9_5": 0,
        "a9_6": 0,
        "a9_7": 0,
        "a10_1": 0,
        "a10_2": 0,
        "a10_3": 0,
        "a10_4": 0,
        "a10_5": 0,
        "a10_6": 0,
        "a10_7": 0,
        "a11_1": 0,
        "a11_2": 0,
        "a11_3": 0,
        "a11_4": 0,
        "a11_5": 0,
        "a11_6": 0,
        "a11_7": 0,
        "a12_1": 0,
        "a12_2": 0,
        "a12_3": 0,
        "a12_4": 0,
        "a12_5": 0,
        "a12_6": 0,
        "a12_7": 0,
        "a13_1": 0,
        "a13_2": 0,
        "a13_3": 0,
        "a13_4": 0,
        "a13_5": 0,
        "a13_6": 0,
        "a13_7": 0,
        "a14_1": 0,
        "a14_2": 0,
        "a14_3": 0,
        "a14_4": 0,
        "a14_5": 0,
        "a14_6": 0,
        "a14_7": 0,
        "a15_1": 0,
        "a15_2": 0,
        "a15_3": 0,
        "a15_4": 0,
        "a15_5": 0,
        "a15_6": 0,
        "a15_7": 0,
        "a16_1": 0,
        "a16_2": 0,
        "a16_3": 0,
        "a16_4": 0,
        "a16_5": 0,
        "a16_6": 0,
        "a16_7": 0,
        "a17_1": 0,
        "a17_2": 0,
        "a17_3": 0,
        "a17_4": 0,
        "a17_5": 0,
        "a17_6": 0,
        "a17_7": 0,
        "a18_1": 0,
        "a18_2": 0,
        "a18_3": 0,
        "a18_4": 0,
        "a18_5": 0,
        "a18_6": 0,
        "a18_7": 0,
        "a19_1": 0,
        "a19_2": 0,
        "a19_3": 0,
        "a19_4": 0,
        "a19_5": 0,
        "a19_6": 0,
        "a19_7": 0,
        "a20_1": 0,
        "a20_2": 0,
        "a20_3": 0,
        "a20_4": 0,
        "a20_5": 0,
        "a20_6": 0,
        "a20_7": 0,
        "a21_1": 0,
        "a21_2": 0,
        "a21_3": 0,
        "a21_4": 0,
        "a21_5": 0,
        "a21_6": 0,
        "a21_7": 0,
        "a22_1": 0,
        "a22_2": 0,
        "a22_3": 0,
        "a22_4": 0,
        "a22_5": 0,
        "a22_6": 0,
        "a22_7": 0,
        "a23_1": 0,
        "a23_2": 0,
        "a23_3": 0,
        "a23_4": 0,
        "a23_5": 0,
        "a23_6": 0,
        "a23_7": 0,
        "a24_1": 0,
        "a24_2": 0,
        "a24_3": 0,
        "a24_4": 0,
        "a24_5": 0,
        "a24_6": 0,
        "a24_7": 0,
        "a25_1": 0,
        "a25_2": 0,
        "a25_3": 0,
        "a25_4": 0,
        "a25_5": 0,
        "a25_6": 0,
        "a25_7": 0,
        "a26_1": 0,
        "a26_2": 0,
        "a26_3": 0,
        "a26_4": 0,
        "a26_5": 0,
        "a26_6": 0,
        "a26_7": 0,
        "a27_1": 0,
        "a27_2": 0,
        "a27_3": 0,
        "a27_4": 0,
        "a27_5": 0,
        "a27_6": 0,
        "a27_7": 0,
        "a28_1": 0,
        "a28_2": 0,
        "a28_3": 0,
        "a28_4": 0,
        "a28_5": 0,
        "a28_6": 0,
        "a28_7": 0,
        "a29_1": 0,
        "a29_2": 0,
        "a29_3": 0,
        "a29_4": 0,
        "a29_5": 0,
        "a29_6": 0,
        "a29_7": 0,
        "a30_1": 0,
        "a30_2": 0,
        "a30_3": 0,
        "a30_4": 0,
        "a30_5": 0,
        "a30_6": 0,
        "a30_7": 0,
        "a31_1": 0,
        "a31_2": 0,
        "a31_3": 0,
        "a31_4": 0,
        "a31_5": 0,
        "a31_6": 0,
        "a31_7": 0,
        "a32_1": 0,
        "a32_2": 0,
        "a32_3": 0,
        "a32_4": 0,
        "a32_5": 0,
        "a32_6": 0,
        "a32_7": 0,
        "a33_1": 0,
        "a33_2": 0,
        "a33_3": 0,
        "a33_4": 0,
        "a33_5": 0,
        "a33_6": 0,
        "a33_7": 0,
        "a34_1": 0,
        "a34_2": 0,
        "a34_3": 0,
        "a34_4": 0,
        "a34_5": 0,
        "a34_6": 0,
        "a34_7": 0,
        "a35_1": 0,
        "a35_2": 0,
        "a35_3": 0,
        "a35_4": 0,
        "a35_5": 0,
        "a35_6": 0,
        "a35_7": 0,
        "a36_1": 0,
        "a36_2": 0,
        "a36_3": 0,
        "a36_4": 0,
        "a36_5": 0,
        "a36_6": 0,
        "a36_7": 0,
        "a37_1": 0,
        "a37_2": 0,
        "a37_3": 0,
        "a37_4": 0,
        "a37_5": 0,
        "a37_6": 0,
        "a37_7": 0,
        "a38_1": 0,
        "a38_2": 0,
        "a38_3": 0,
        "a38_4": 0,
        "a38_5": 0,
        "a38_6": 0,
        "a38_7": 0,
        "a39_1": 0,
        "a39_2": 0,
        "a39_3": 0,
        "a39_4": 0,
        "a39_5": 0,
        "a39_6": 0,
        "a39_7": 0,
        "a40_1": 0,
        "a40_2": 0,
        "a40_3": 0,
        "a40_4": 0,
        "a40_5": 0,
        "a40_6": 0,
        "a40_7": 0
    }
}